"term","frequency","density","occurrence"
"absorbed",1,0.000557413600891862,0.002
"academic",1,0.000557413600891862,0.002
"according",1,0.000557413600891862,0.002
"across",1,0.000557413600891862,0.002
"actually",4,0.00222965440356745,0.008
"adam",12,0.00668896321070234,0.024
"adamson",3,0.00167224080267559,0.006
"adding",1,0.000557413600891862,0.002
"address",1,0.000557413600891862,0.002
"adsl",1,0.000557413600891862,0.002
"advertised",1,0.000557413600891862,0.002
"afternoon",1,0.000557413600891862,0.002
"again",3,0.00167224080267559,0.006
"age",1,0.000557413600891862,0.002
"agree",2,0.00111482720178372,0.004
"alan",1,0.000557413600891862,0.002
"alike",1,0.000557413600891862,0.002
"all",12,0.00668896321070234,0.024
"alsa",2,0.00111482720178372,0.004
"alternative",1,0.000557413600891862,0.002
"always",2,0.00111482720178372,0.004
"amazes",1,0.000557413600891862,0.002
"amazingly",1,0.000557413600891862,0.002
"amounts",1,0.000557413600891862,0.002
"ananova ",4,0.00222965440356745,0.008
"and",3,0.00167224080267559,0.006
"andor",1,0.000557413600891862,0.002
"andrew",1,0.000557413600891862,0.002
"angles",1,0.000557413600891862,0.002
"annoyed",1,0.000557413600891862,0.002
"anyone",5,0.00278706800445931,0.01
"apols",2,0.00111482720178372,0.004
"apparent",2,0.00111482720178372,0.004
"appear",1,0.000557413600891862,0.002
"approach",1,0.000557413600891862,0.002
"approx",1,0.000557413600891862,0.002
"aptget",1,0.000557413600891862,0.002
"architecture",1,0.000557413600891862,0.002
"around",1,0.000557413600891862,0.002
"article",3,0.00167224080267559,0.006
"articles",5,0.00278706800445931,0.01
"ask",1,0.000557413600891862,0.002
"asked",2,0.00111482720178372,0.004
"astrophysics",1,0.000557413600891862,0.002
"async",1,0.000557413600891862,0.002
"aug",30,0.0167224080267559,0.06
"august",3,0.00167224080267559,0.006
"automated",1,0.000557413600891862,0.002
"back",1,0.000557413600891862,0.002
"banned",1,0.000557413600891862,0.002
"barbara",1,0.000557413600891862,0.002
"barrera",5,0.00278706800445931,0.01
"barry",1,0.000557413600891862,0.002
"based",1,0.000557413600891862,0.002
"basing",1,0.000557413600891862,0.002
"bbc",1,0.000557413600891862,0.002
"beberg",13,0.0072463768115942,0.026
"bebergmithralcom",1,0.000557413600891862,0.002
"become",1,0.000557413600891862,0.002
"before",2,0.00111482720178372,0.004
"beg",1,0.000557413600891862,0.002
"begin",4,0.00222965440356745,0.008
"beginning",1,0.000557413600891862,0.002
"behalf",1,0.000557413600891862,0.002
"believe",1,0.000557413600891862,0.002
"bell",1,0.000557413600891862,0.002
"benjamin",1,0.000557413600891862,0.002
"benoit",1,0.000557413600891862,0.002
"bet",1,0.000557413600891862,0.002
"better",1,0.000557413600891862,0.002
"beyond",1,0.000557413600891862,0.002
"bfar",7,0.00390189520624303,0.014
"big",1,0.000557413600891862,0.002
"bill",4,0.00222965440356745,0.008
"billion",1,0.000557413600891862,0.002
"bin",1,0.000557413600891862,0.002
"bitbitchmagnesiumnet",4,0.00222965440356745,0.008
"black",1,0.000557413600891862,0.002
"blatantly",1,0.000557413600891862,0.002
"bloke",1,0.000557413600891862,0.002
"blowjob",1,0.000557413600891862,0.002
"bolcer",1,0.000557413600891862,0.002
"bore",1,0.000557413600891862,0.002
"born",1,0.000557413600891862,0.002
"borrow",1,0.000557413600891862,0.002
"bottom",3,0.00167224080267559,0.006
"brady",2,0.00111482720178372,0.004
"breathnach",1,0.000557413600891862,0.002
"breatproexchangeiemlcom",1,0.000557413600891862,0.002
"brendan",2,0.00111482720178372,0.004
"brendanzenorg",1,0.000557413600891862,0.002
"brian",1,0.000557413600891862,0.002
"brickley",1,0.000557413600891862,0.002
"bsd",1,0.000557413600891862,0.002
"building",2,0.00111482720178372,0.004
"built",1,0.000557413600891862,0.002
"buy",1,0.000557413600891862,0.002
"byrne",1,0.000557413600891862,0.002
"caffeine",1,0.000557413600891862,0.002
"called",1,0.000557413600891862,0.002
"calls",1,0.000557413600891862,0.002
"can",4,0.00222965440356745,0.008
"canned",1,0.000557413600891862,0.002
"capabilities",1,0.000557413600891862,0.002
"caps",1,0.000557413600891862,0.002
"car",1,0.000557413600891862,0.002
"carbonara",1,0.000557413600891862,0.002
"careful",1,0.000557413600891862,0.002
"case",1,0.000557413600891862,0.002
"cat",1,0.000557413600891862,0.002
"cbc",1,0.000557413600891862,0.002
"cbs",1,0.000557413600891862,0.002
"cdale",5,0.00278706800445931,0.01
"cdr",1,0.000557413600891862,0.002
"certainly",1,0.000557413600891862,0.002
"chances",1,0.000557413600891862,0.002
"channel",1,0.000557413600891862,0.002
"check",1,0.000557413600891862,0.002
"chick",1,0.000557413600891862,0.002
"chief",1,0.000557413600891862,0.002
"children",1,0.000557413600891862,0.002
"chinese",1,0.000557413600891862,0.002
"chip",1,0.000557413600891862,0.002
"chocolate",1,0.000557413600891862,0.002
"chris",1,0.000557413600891862,0.002
"ciaran",1,0.000557413600891862,0.002
"claimed",2,0.00111482720178372,0.004
"clares",1,0.000557413600891862,0.002
"clearly",1,0.000557413600891862,0.002
"closed",1,0.000557413600891862,0.002
"colin",1,0.000557413600891862,0.002
"columns",1,0.000557413600891862,0.002
"come",1,0.000557413600891862,0.002
"comeon",1,0.000557413600891862,0.002
"common",1,0.000557413600891862,0.002
"commonality",1,0.000557413600891862,0.002
"community",1,0.000557413600891862,0.002
"companies",1,0.000557413600891862,0.002
"component",1,0.000557413600891862,0.002
"computational",1,0.000557413600891862,0.002
"computer",1,0.000557413600891862,0.002
"conference",1,0.000557413600891862,0.002
"configure",2,0.00111482720178372,0.004
"confuse",3,0.00167224080267559,0.006
"congrats",1,0.000557413600891862,0.002
"contents",1,0.000557413600891862,0.002
"cool",1,0.000557413600891862,0.002
"correction",1,0.000557413600891862,0.002
"couple",1,0.000557413600891862,0.002
"course",2,0.00111482720178372,0.004
"craaack",1,0.000557413600891862,0.002
"cracking",1,0.000557413600891862,0.002
"crashes",1,0.000557413600891862,0.002
"cream",1,0.000557413600891862,0.002
"creator",1,0.000557413600891862,0.002
"crypto",1,0.000557413600891862,0.002
"cunniffe",1,0.000557413600891862,0.002
"dad",1,0.000557413600891862,0.002
"daily",3,0.00167224080267559,0.006
"dan",1,0.000557413600891862,0.002
"daniel",1,0.000557413600891862,0.002
"darragh",1,0.000557413600891862,0.002
"darren",1,0.000557413600891862,0.002
"date",3,0.00167224080267559,0.006
"daughter",1,0.000557413600891862,0.002
"dave",1,0.000557413600891862,0.002
"daves",1,0.000557413600891862,0.002
"david",5,0.00278706800445931,0.01
"day",1,0.000557413600891862,0.002
"deafboxhotmailcom",1,0.000557413600891862,0.002
"declan",1,0.000557413600891862,0.002
"default",1,0.000557413600891862,0.002
"defeminized",1,0.000557413600891862,0.002
"definitional",1,0.000557413600891862,0.002
"delusions",1,0.000557413600891862,0.002
"democracy",1,0.000557413600891862,0.002
"dept",1,0.000557413600891862,0.002
"dermodyritcarlowie",1,0.000557413600891862,0.002
"dermodys",1,0.000557413600891862,0.002
"dermot",1,0.000557413600891862,0.002
"desktop",1,0.000557413600891862,0.002
"details",1,0.000557413600891862,0.002
"dexter",1,0.000557413600891862,0.002
"dials",1,0.000557413600891862,0.002
"didnt",1,0.000557413600891862,0.002
"die",1,0.000557413600891862,0.002
"directory",1,0.000557413600891862,0.002
"discipline",1,0.000557413600891862,0.002
"discovery",1,0.000557413600891862,0.002
"discussed",1,0.000557413600891862,0.002
"discussion",1,0.000557413600891862,0.002
"dists",1,0.000557413600891862,0.002
"division",1,0.000557413600891862,0.002
"dmcmann",1,0.000557413600891862,0.002
"dmcmannb",1,0.000557413600891862,0.002
"documented",1,0.000557413600891862,0.002
"domain",1,0.000557413600891862,0.002
"doodle",1,0.000557413600891862,0.002
"doolin",1,0.000557413600891862,0.002
"doom",1,0.000557413600891862,0.002
"doomed",1,0.000557413600891862,0.002
"double",1,0.000557413600891862,0.002
"downloaded",1,0.000557413600891862,0.002
"dragstrip",1,0.000557413600891862,0.002
"dreams",1,0.000557413600891862,0.002
"drive",1,0.000557413600891862,0.002
"driver",2,0.00111482720178372,0.004
"drove",1,0.000557413600891862,0.002
"dublin",1,0.000557413600891862,0.002
"dubya",1,0.000557413600891862,0.002
"dumb",1,0.000557413600891862,0.002
"dunno",1,0.000557413600891862,0.002
"dvds",1,0.000557413600891862,0.002
"dying",1,0.000557413600891862,0.002
"easy",1,0.000557413600891862,0.002
"ebuilt",6,0.00334448160535117,0.012
"effect",1,0.000557413600891862,0.002
"egypt",1,0.000557413600891862,0.002
"ehmadscientistcom",1,0.000557413600891862,0.002
"eirikur",4,0.00222965440356745,0.008
"ejwcseucscedu",3,0.00167224080267559,0.006
"electronic",3,0.00167224080267559,0.006
"elias",2,0.00111482720178372,0.004
"eliascseucscedu",1,0.000557413600891862,0.002
"email",3,0.00167224080267559,0.006
"emerged",1,0.000557413600891862,0.002
"end",3,0.00167224080267559,0.006
"endlessly",1,0.000557413600891862,0.002
"engel",2,0.00111482720178372,0.004
"engineering",1,0.000557413600891862,0.002
"engines",1,0.000557413600891862,0.002
"enough",3,0.00167224080267559,0.006
"eric",1,0.000557413600891862,0.002
"eructed",1,0.000557413600891862,0.002
"est",1,0.000557413600891862,0.002
"ethernet",1,0.000557413600891862,0.002
"eugen",4,0.00222965440356745,0.008
"eur",1,0.000557413600891862,0.002
"europe",2,0.00111482720178372,0.004
"eval",1,0.000557413600891862,0.002
"even",2,0.00111482720178372,0.004
"evening",1,0.000557413600891862,0.002
"ever",1,0.000557413600891862,0.002
"everybody",1,0.000557413600891862,0.002
"everyone",2,0.00111482720178372,0.004
"everything",1,0.000557413600891862,0.002
"example",1,0.000557413600891862,0.002
"exe",1,0.000557413600891862,0.002
"exmhp",5,0.00278706800445931,0.01
"explain",1,0.000557413600891862,0.002
"explosion",1,0.000557413600891862,0.002
"extraordinary",1,0.000557413600891862,0.002
"fair",1,0.000557413600891862,0.002
"family",2,0.00111482720178372,0.004
"fantasy",1,0.000557413600891862,0.002
"far",1,0.000557413600891862,0.002
"feet",1,0.000557413600891862,0.002
"female",1,0.000557413600891862,0.002
"fergal",1,0.000557413600891862,0.002
"fetchmail",1,0.000557413600891862,0.002
"figure",1,0.000557413600891862,0.002
"figured",1,0.000557413600891862,0.002
"file",1,0.000557413600891862,0.002
"files",1,0.000557413600891862,0.002
"finally",2,0.00111482720178372,0.004
"find",2,0.00111482720178372,0.004
"first",1,0.000557413600891862,0.002
"flavour",1,0.000557413600891862,0.002
"folk",1,0.000557413600891862,0.002
"folks",2,0.00111482720178372,0.004
"followed",1,0.000557413600891862,0.002
"following",2,0.00111482720178372,0.004
"for",1,0.000557413600891862,0.002
"fork",4,0.00222965440356745,0.008
"forkadminxentcom",1,0.000557413600891862,0.002
"format",2,0.00111482720178372,0.004
"fortean",1,0.000557413600891862,0.002
"forteanay",3,0.00167224080267559,0.006
"found",1,0.000557413600891862,0.002
"fournier",1,0.000557413600891862,0.002
"frame",1,0.000557413600891862,0.002
"frank",1,0.000557413600891862,0.002
"french",1,0.000557413600891862,0.002
"fri",13,0.0072463768115942,0.026
"friday",2,0.00111482720178372,0.004
"from",6,0.00334448160535117,0.012
"fuggin",1,0.000557413600891862,0.002
"fun",1,0.000557413600891862,0.002
"function",1,0.000557413600891862,0.002
"funny",1,0.000557413600891862,0.002
"fwded",1,0.000557413600891862,0.002
"gary",4,0.00222965440356745,0.008
"garymcanadacom",2,0.00111482720178372,0.004
"garys",1,0.000557413600891862,0.002
"gave",1,0.000557413600891862,0.002
"geege",2,0.00111482720178372,0.004
"genius",1,0.000557413600891862,0.002
"gentlemen",1,0.000557413600891862,0.002
"get",6,0.00334448160535117,0.012
"given",1,0.000557413600891862,0.002
"glad",1,0.000557413600891862,0.002
"glm",1,0.000557413600891862,0.002
"god",1,0.000557413600891862,0.002
"goddess",1,0.000557413600891862,0.002
"gods",1,0.000557413600891862,0.002
"goes",1,0.000557413600891862,0.002
"gonzaga",1,0.000557413600891862,0.002
"gonze",3,0.00167224080267559,0.006
"good",3,0.00167224080267559,0.006
"goodun",1,0.000557413600891862,0.002
"gordon",2,0.00111482720178372,0.004
"got",2,0.00111482720178372,0.004
"gotton",1,0.000557413600891862,0.002
"government",1,0.000557413600891862,0.002
"great",4,0.00222965440356745,0.008
"green",1,0.000557413600891862,0.002
"gregory",1,0.000557413600891862,0.002
"group",1,0.000557413600891862,0.002
"guess",1,0.000557413600891862,0.002
"haase",2,0.00111482720178372,0.004
"hack",1,0.000557413600891862,0.002
"hah",1,0.000557413600891862,0.002
"half",1,0.000557413600891862,0.002
"hall",2,0.00111482720178372,0.004
"hallgrimsson",3,0.00167224080267559,0.006
"handsets",2,0.00111482720178372,0.004
"hard",1,0.000557413600891862,0.002
"harley",7,0.00390189520624303,0.014
"harleyargotech",2,0.00111482720178372,0.004
"haunsfroehlingsdorfinfinetivitycom",1,0.000557413600891862,0.002
"headline",2,0.00111482720178372,0.004
"headlines",1,0.000557413600891862,0.002
"hehe",1,0.000557413600891862,0.002
"helen",1,0.000557413600891862,0.002
"hell",1,0.000557413600891862,0.002
"hello",5,0.00278706800445931,0.01
"help",2,0.00111482720178372,0.004
"here",2,0.00111482720178372,0.004
"hettinga",1,0.000557413600891862,0.002
"hey",2,0.00111482720178372,0.004
"higher",1,0.000557413600891862,0.002
"hilliard",1,0.000557413600891862,0.002
"hindus",2,0.00111482720178372,0.004
"hire",1,0.000557413600891862,0.002
"hit",1,0.000557413600891862,0.002
"hitler",2,0.00111482720178372,0.002
"hoax",1,0.000557413600891862,0.002
"holds",1,0.000557413600891862,0.002
"holidays",1,0.000557413600891862,0.002
"homer",1,0.000557413600891862,0.002
"honors",1,0.000557413600891862,0.002
"honour",1,0.000557413600891862,0.002
"hooooo",1,0.000557413600891862,0.002
"hosted",1,0.000557413600891862,0.002
"hours",1,0.000557413600891862,0.002
"howm",1,0.000557413600891862,0.002
"html",1,0.000557413600891862,0.002
"httpboingboingnet",4,0.00222965440356745,0.008
"httpdiveintomarkorgarchiveshtmlteachamantofish",1,0.000557413600891862,0.002
"httpmediaguardiancoukbroadcastcommenthtml",1,0.000557413600891862,0.002
"httpnewsbbccoukhientertainmentshowbizstm",1,0.000557413600891862,0.002
"httpnewsbbccoukhitechnologystm",1,0.000557413600891862,0.002
"httpnewsbbccoukhiukstm",2,0.00111482720178372,0.004
"httpnewsbbccoukhiworldasiapacificstm",1,0.000557413600891862,0.002
"httpopositestsciedupubinfopr",1,0.000557413600891862,0.002
"httpreuterscomnewsarticlejhtmltypeentertainmentnewsstoryid",1,0.000557413600891862,0.002
"httpwwwaaronswcomweblog",1,0.000557413600891862,0.002
"httpwwwarstechnicacom",1,0.000557413600891862,0.002
"httpwwwbbccoukradioaltnirelandniteamshtml",1,0.000557413600891862,0.002
"httpwwwcnncomworldamericasperumotherreutindexhtml",1,0.000557413600891862,0.002
"httpwwwguardiancoukclimatechangestoryhtml",1,0.000557413600891862,0.002
"httpwwwguardiancoukinternationalstoryhtml",1,0.000557413600891862,0.002
"httpwwwguardiancoukreligionstoryhtml",1,0.000557413600891862,0.002
"httpwwwguardiancoukuknewsstoryhtml",1,0.000557413600891862,0.002
"httpwwwidgnet",1,0.000557413600891862,0.002
"httpwwwironcladnetau",3,0.00167224080267559,0.006
"httpwwwnewsisfreecomclick",7,0.00390189520624303,0.014
"httpwwwnmecomnewshtm",1,0.000557413600891862,0.002
"httpwwwnytimescomtechnologykorehtml",1,0.000557413600891862,0.002
"httpwwwouchytheclowncomwelcomehtml",1,0.000557413600891862,0.002
"httpwwwtechcentralstationcomprinterjspcidb",1,0.000557413600891862,0.002
"httpwwwwashingtonpostcomwpdynarticlesaocthtml",1,0.000557413600891862,0.002
"httpyorkshirepostcoukedfront",1,0.000557413600891862,0.002
"httpyorkshirepostcoukscriptseditorialcgicidnewsaid",2,0.00111482720178372,0.004
"hubble",1,0.000557413600891862,0.002
"hunting",1,0.000557413600891862,0.002
"hurting",1,0.000557413600891862,0.002
"hussein",1,0.000557413600891862,0.002
"ian",1,0.000557413600891862,0.002
"icy",1,0.000557413600891862,0.002
"ideas",1,0.000557413600891862,0.002
"iii",5,0.00278706800445931,0.01
"iknow",1,0.000557413600891862,0.002
"illusionist",1,0.000557413600891862,0.002
"imac",1,0.000557413600891862,0.002
"imo",1,0.000557413600891862,0.002
"impeached",1,0.000557413600891862,0.002
"inclined",1,0.000557413600891862,0.002
"included",2,0.00111482720178372,0.004
"increasing",1,0.000557413600891862,0.002
"infinite",1,0.000557413600891862,0.002
"info",1,0.000557413600891862,0.002
"information",1,0.000557413600891862,0.002
"inn",3,0.00167224080267559,0.006
"insane",1,0.000557413600891862,0.002
"instead",2,0.00111482720178372,0.004
"interested",1,0.000557413600891862,0.002
"interesting",2,0.00111482720178372,0.004
"internal",1,0.000557413600891862,0.002
"internet",2,0.00111482720178372,0.004
"intersectedness",1,0.000557413600891862,0.002
"into",1,0.000557413600891862,0.002
"iols",1,0.000557413600891862,0.002
"irix",1,0.000557413600891862,0.002
"ironclad",3,0.00167224080267559,0.006
"irvine",1,0.000557413600891862,0.002
"isos",1,0.000557413600891862,0.002
"issues",1,0.000557413600891862,0.002
"ive",2,0.00111482720178372,0.004
"jakma",2,0.00111482720178372,0.004
"james",1,0.000557413600891862,0.002
"jamesrbestcom",1,0.000557413600891862,0.002
"jim",8,0.00445930880713489,0.016
"joebar",1,0.000557413600891862,0.002
"john",10,0.00557413600891862,0.02
"johnhallevergonet",1,0.000557413600891862,0.002
"johnston",1,0.000557413600891862,0.002
"joked",1,0.000557413600891862,0.002
"jon",1,0.000557413600891862,0.002
"joseph",5,0.00278706800445931,0.01
"journal",1,0.000557413600891862,0.002
"just",9,0.00501672240802676,0.018
"justin",4,0.00222965440356745,0.008
"kasichainula",1,0.000557413600891862,0.002
"kehoe",2,0.00111482720178372,0.004
"kenny",1,0.000557413600891862,0.002
"kernels",1,0.000557413600891862,0.002
"kevin",1,0.000557413600891862,0.002
"kevindatedeiesubericnet",1,0.000557413600891862,0.002
"khare",1,0.000557413600891862,0.002
"kialllistsredpiecom",1,0.000557413600891862,0.002
"kids",1,0.000557413600891862,0.002
"kind",1,0.000557413600891862,0.002
"kings",1,0.000557413600891862,0.002
"kinky",1,0.000557413600891862,0.002
"klez",1,0.000557413600891862,0.002
"know",9,0.00501672240802676,0.018
"known",1,0.000557413600891862,0.002
"knows",1,0.000557413600891862,0.002
"kragen",3,0.00167224080267559,0.006
"kvim",1,0.000557413600891862,0.002
"lacy",1,0.000557413600891862,0.002
"laden",1,0.000557413600891862,0.002
"laptop",1,0.000557413600891862,0.002
"last",2,0.00111482720178372,0.004
"late",1,0.000557413600891862,0.002
"later",1,0.000557413600891862,0.002
"latest",1,0.000557413600891862,0.002
"laughoutloud",1,0.000557413600891862,0.002
"launched",1,0.000557413600891862,0.002
"laurent",1,0.000557413600891862,0.002
"lawrence",4,0.00222965440356745,0.008
"leader",1,0.000557413600891862,0.002
"leave",1,0.000557413600891862,0.002
"leitl",4,0.00222965440356745,0.008
"let",3,0.00167224080267559,0.006
"letting",1,0.000557413600891862,0.002
"libdvdcss",1,0.000557413600891862,0.002
"like",7,0.00390189520624303,0.014
"liked",1,0.000557413600891862,0.002
"line",3,0.00167224080267559,0.006
"linehan",2,0.00111482720178372,0.004
"lines",2,0.00111482720178372,0.004
"linked",1,0.000557413600891862,0.002
"list",3,0.00167224080267559,0.006
"little",2,0.00111482720178372,0.004
"local",1,0.000557413600891862,0.002
"lock",1,0.000557413600891862,0.002
"lol",2,0.00111482720178372,0.004
"look",3,0.00167224080267559,0.006
"looks",1,0.000557413600891862,0.002
"looney",6,0.00334448160535117,0.012
"loosely",1,0.000557413600891862,0.002
"losing",1,0.000557413600891862,0.002
"lot",1,0.000557413600891862,0.002
"loud",1,0.000557413600891862,0.002
"love",1,0.000557413600891862,0.002
"lucas",3,0.00167224080267559,0.006
"luck",1,0.000557413600891862,0.002
"lurker",1,0.000557413600891862,0.002
"lyda",1,0.000557413600891862,0.002
"lynn",1,0.000557413600891862,0.002
"macadamia",1,0.000557413600891862,0.002
"maccarthy",1,0.000557413600891862,0.002
"made",2,0.00111482720178372,0.004
"magic",1,0.000557413600891862,0.002
"mail",1,0.000557413600891862,0.002
"mailer",2,0.00111482720178372,0.004
"mailtoforkadminxentcom",1,0.000557413600891862,0.002
"mailtoplinehanyahoocom",1,0.000557413600891862,0.002
"make",1,0.000557413600891862,0.002
"making",1,0.000557413600891862,0.002
"man",2,0.00111482720178372,0.004
"manage",1,0.000557413600891862,0.002
"managed",1,0.000557413600891862,0.002
"manager",1,0.000557413600891862,0.002
"manoj",1,0.000557413600891862,0.002
"many",1,0.000557413600891862,0.002
"mark",1,0.000557413600891862,0.002
"marry",1,0.000557413600891862,0.002
"martin",5,0.00278706800445931,0.01
"martins",1,0.000557413600891862,0.002
"masnick",3,0.00167224080267559,0.006
"mason",3,0.00167224080267559,0.006
"matilainen",1,0.000557413600891862,0.002
"matthias",9,0.00501672240802676,0.018
"matthiasegwnnet",1,0.000557413600891862,0.002
"matthiasrpmforgenet",1,0.000557413600891862,0.002
"maybe",2,0.00111482720178372,0.004
"mayor",1,0.000557413600891862,0.002
"means",1,0.000557413600891862,0.002
"memoirs",1,0.000557413600891862,0.002
"memri",1,0.000557413600891862,0.002
"men",1,0.000557413600891862,0.002
"mentioned",5,0.00278706800445931,0.01
"message",8,0.00445930880713489,0.016
"met",1,0.000557413600891862,0.002
"micgrangeraolcom",1,0.000557413600891862,0.002
"michel",1,0.000557413600891862,0.002
"mideast",1,0.000557413600891862,0.002
"might",4,0.00222965440356745,0.008
"mike",5,0.00278706800445931,0.01
"miketechdirtcom",1,0.000557413600891862,0.002
"mime",2,0.00111482720178372,0.004
"minds",1,0.000557413600891862,0.002
"minority",1,0.000557413600891862,0.002
"minutes",1,0.000557413600891862,0.002
"mirrors",1,0.000557413600891862,0.002
"mms",2,0.00111482720178372,0.004
"modem",2,0.00111482720178372,0.004
"mohr",2,0.00111482720178372,0.004
"moment",1,0.000557413600891862,0.002
"mon",16,0.00891861761426979,0.032
"monday",1,0.000557413600891862,0.002
"money",1,0.000557413600891862,0.002
"monkey",1,0.000557413600891862,0.002
"months",1,0.000557413600891862,0.002
"moran",1,0.000557413600891862,0.002
"morning",2,0.00111482720178372,0.004
"moscow",1,0.000557413600891862,0.002
"mostly",1,0.000557413600891862,0.002
"mourn",1,0.000557413600891862,0.002
"moved",1,0.000557413600891862,0.002
"moylan",2,0.00111482720178372,0.004
"mrsrobinsonbellsouthnet",1,0.000557413600891862,0.002
"much",1,0.000557413600891862,0.002
"multi",1,0.000557413600891862,0.002
"multipart",1,0.000557413600891862,0.002
"murphy",5,0.00278706800445931,0.01
"near",1,0.000557413600891862,0.002
"neary",3,0.00167224080267559,0.006
"neat",1,0.000557413600891862,0.002
"necessarily",1,0.000557413600891862,0.002
"need",4,0.00222965440356745,0.006
"needed",1,0.000557413600891862,0.002
"needs",1,0.000557413600891862,0.002
"networks",5,0.00278706800445931,0.01
"never",2,0.00111482720178372,0.004
"nevin",1,0.000557413600891862,0.002
"new",3,0.00167224080267559,0.006
"news",4,0.00222965440356745,0.008
"newsletter",1,0.000557413600891862,0.002
"newtel",1,0.000557413600891862,0.002
"nichols",1,0.000557413600891862,0.002
"nick",1,0.000557413600891862,0.002
"night",2,0.00111482720178372,0.004
"nit",1,0.000557413600891862,0.002
"nobel",1,0.000557413600891862,0.002
"nonantiquated",1,0.000557413600891862,0.002
"nonroot",1,0.000557413600891862,0.002
"nonsilly",1,0.000557413600891862,0.002
"normally",1,0.000557413600891862,0.002
"not",1,0.000557413600891862,0.002
"note",1,0.000557413600891862,0.002
"noting",1,0.000557413600891862,0.002
"now",4,0.00222965440356745,0.008
"nudie",1,0.000557413600891862,0.002
"nutshell",1,0.000557413600891862,0.002
"nytimescom",1,0.000557413600891862,0.002
"occurances",1,0.000557413600891862,0.002
"oct",10,0.00557413600891862,0.02
"odds",1,0.000557413600891862,0.002
"officer",1,0.000557413600891862,0.002
"official",1,0.000557413600891862,0.002
"often",1,0.000557413600891862,0.002
"ofused",1,0.000557413600891862,0.002
"ogle",1,0.000557413600891862,0.002
"old",1,0.000557413600891862,0.002
"olympics",1,0.000557413600891862,0.002
"once",1,0.000557413600891862,0.002
"one",8,0.00445930880713489,0.016
"operating",1,0.000557413600891862,0.002
"originally",1,0.000557413600891862,0.002
"osama",1,0.000557413600891862,0.002
"ouch",1,0.000557413600891862,0.002
"out",1,0.000557413600891862,0.002
"output",1,0.000557413600891862,0.002
"oversized",1,0.000557413600891862,0.002
"owen",1,0.000557413600891862,0.002
"owenpermafrostnet",1,0.000557413600891862,0.002
"owlman",1,0.000557413600891862,0.002
"package",2,0.00111482720178372,0.004
"padraig",2,0.00111482720178372,0.004
"panu",1,0.000557413600891862,0.002
"paper",1,0.000557413600891862,0.002
"papier",1,0.000557413600891862,0.002
"parentbaby",1,0.000557413600891862,0.002
"part",1,0.000557413600891862,0.002
"particular",1,0.000557413600891862,0.002
"past",1,0.000557413600891862,0.002
"pasta",1,0.000557413600891862,0.002
"paul",4,0.00222965440356745,0.008
"paying",1,0.000557413600891862,0.002
"pctel",1,0.000557413600891862,0.002
"peer",2,0.00111482720178372,0.002
"people",1,0.000557413600891862,0.002
"perl",3,0.00167224080267559,0.006
"person",1,0.000557413600891862,0.002
"peter",1,0.000557413600891862,0.002
"pgp",4,0.00222965440356745,0.008
"philip",2,0.00111482720178372,0.004
"phones",4,0.00222965440356745,0.004
"php",1,0.000557413600891862,0.002
"phpimap",1,0.000557413600891862,0.002
"pick",1,0.000557413600891862,0.002
"pics",1,0.000557413600891862,0.002
"play",1,0.000557413600891862,0.002
"playing",1,0.000557413600891862,0.002
"please",1,0.000557413600891862,0.002
"plinehanyahoocom",1,0.000557413600891862,0.002
"plucker",1,0.000557413600891862,0.002
"pluto",1,0.000557413600891862,0.002
"politician",1,0.000557413600891862,0.002
"poll",1,0.000557413600891862,0.002
"popular",1,0.000557413600891862,0.002
"portland",1,0.000557413600891862,0.002
"posted",4,0.00222965440356745,0.008
"pppoa",1,0.000557413600891862,0.002
"pppoe",1,0.000557413600891862,0.002
"preaty",1,0.000557413600891862,0.002
"prevalence",1,0.000557413600891862,0.002
"printersconf",1,0.000557413600891862,0.002
"prize",1,0.000557413600891862,0.002
"problem",1,0.000557413600891862,0.002
"profile",1,0.000557413600891862,0.002
"proinnsias",1,0.000557413600891862,0.002
"pyramids",1,0.000557413600891862,0.002
"quaoar",1,0.000557413600891862,0.002
"question",1,0.000557413600891862,0.002
"quinlan",1,0.000557413600891862,0.002
"quitcherbraggin",1,0.000557413600891862,0.002
"quote",1,0.000557413600891862,0.002
"quoting",5,0.00278706800445931,0.01
"random",1,0.000557413600891862,0.002
"rather",1,0.000557413600891862,0.002
"ray",1,0.000557413600891862,0.002
"read",3,0.00167224080267559,0.006
"reading",1,0.000557413600891862,0.002
"really",2,0.00111482720178372,0.004
"rebuild",1,0.000557413600891862,0.002
"recent",1,0.000557413600891862,0.002
"recently",2,0.00111482720178372,0.004
"recreations",1,0.000557413600891862,0.002
"regular",1,0.000557413600891862,0.002
"relationships",1,0.000557413600891862,0.002
"released",1,0.000557413600891862,0.002
"remember",1,0.000557413600891862,0.002
"research",1,0.000557413600891862,0.002
"response",1,0.000557413600891862,0.002
"reynolds",2,0.00111482720178372,0.004
"reza",7,0.00390189520624303,0.014
"right",1,0.000557413600891862,0.002
"rob",2,0.00111482720178372,0.004
"robert",7,0.00390189520624303,0.014
"robin",1,0.000557413600891862,0.002
"robot",1,0.000557413600891862,0.002
"rogers",1,0.000557413600891862,0.002
"rohit",1,0.000557413600891862,0.002
"roll",1,0.000557413600891862,0.002
"rosso",2,0.00111482720178372,0.004
"router",1,0.000557413600891862,0.002
"rpms",2,0.00111482720178372,0.004
"rule",1,0.000557413600891862,0.002
"rules",1,0.000557413600891862,0.002
"run",1,0.000557413600891862,0.002
"russell",10,0.00557413600891862,0.02
"saddam",1,0.000557413600891862,0.002
"said",4,0.00222965440356745,0.008
"same",1,0.000557413600891862,0.002
"saou",7,0.00390189520624303,0.014
"sat",4,0.00222965440356745,0.008
"saturation",1,0.000557413600891862,0.002
"saw",1,0.000557413600891862,0.002
"say",2,0.00111482720178372,0.004
"says",1,0.000557413600891862,0.002
"scotsman",2,0.00111482720178372,0.004
"scripting",1,0.000557413600891862,0.002
"scrpiting",1,0.000557413600891862,0.002
"search",1,0.000557413600891862,0.002
"security",1,0.000557413600891862,0.002
"see",1,0.000557413600891862,0.002
"seem",1,0.000557413600891862,0.002
"seems",3,0.00167224080267559,0.006
"seen",3,0.00167224080267559,0.006
"seenheard",1,0.000557413600891862,0.002
"select",1,0.000557413600891862,0.002
"selfcentered",1,0.000557413600891862,0.002
"sell",2,0.00111482720178372,0.004
"senate",1,0.000557413600891862,0.002
"sent",4,0.00222965440356745,0.008
"sep",30,0.0167224080267559,0.06
"september",4,0.00222965440356745,0.008
"server",1,0.000557413600891862,0.002
"service",1,0.000557413600891862,0.002
"services",1,0.000557413600891862,0.002
"setihome",1,0.000557413600891862,0.002
"setup",1,0.000557413600891862,0.002
"severity",1,0.000557413600891862,0.002
"sex",1,0.000557413600891862,0.002
"share",2,0.00111482720178372,0.004
"shareinnnyahoocom",2,0.00111482720178372,0.004
"shares",1,0.000557413600891862,0.002
"shop",1,0.000557413600891862,0.002
"showing",2,0.00111482720178372,0.004
"signature",1,0.000557413600891862,0.002
"signed",4,0.00222965440356745,0.008
"simpson",1,0.000557413600891862,0.002
"since",3,0.00167224080267559,0.004
"sinderson",1,0.000557413600891862,0.002
"sitaker",2,0.00111482720178372,0.004
"site",1,0.000557413600891862,0.002
"sites",1,0.000557413600891862,0.002
"sitescooper",1,0.000557413600891862,0.002
"size",1,0.000557413600891862,0.002
"sky",1,0.000557413600891862,0.002
"skywriter",1,0.000557413600891862,0.002
"slightly",1,0.000557413600891862,0.002
"smoothly",1,0.000557413600891862,0.002
"snip",1,0.000557413600891862,0.002
"socialism",3,0.00167224080267559,0.006
"software",1,0.000557413600891862,0.002
"solaris",2,0.00111482720178372,0.004
"someone",5,0.00278706800445931,0.01
"something",1,0.000557413600891862,0.002
"son",2,0.00111482720178372,0.004
"sorry",1,0.000557413600891862,0.002
"sounds",1,0.000557413600891862,0.002
"source",1,0.000557413600891862,0.002
"spaghetti",1,0.000557413600891862,0.002
"spamassassin",1,0.000557413600891862,0.002
"speer",1,0.000557413600891862,0.002
"spider",1,0.000557413600891862,0.002
"sponsored",3,0.00167224080267559,0.006
"spots",1,0.000557413600891862,0.002
"standard",1,0.000557413600891862,0.002
"stands",1,0.000557413600891862,0.002
"stated",1,0.000557413600891862,0.002
"steal",1,0.000557413600891862,0.002
"stephen",1,0.000557413600891862,0.002
"steve",1,0.000557413600891862,0.002
"still",2,0.00111482720178372,0.004
"stoddard",1,0.000557413600891862,0.002
"story",1,0.000557413600891862,0.002
"street",1,0.000557413600891862,0.002
"strong",1,0.000557413600891862,0.002
"studies",1,0.000557413600891862,0.002
"stumbled",1,0.000557413600891862,0.002
"submodules",1,0.000557413600891862,0.002
"suggestions",1,0.000557413600891862,0.002
"sun",8,0.00445930880713489,0.016
"sunday",3,0.00167224080267559,0.006
"suns",1,0.000557413600891862,0.002
"support",2,0.00111482720178372,0.004
"supported",1,0.000557413600891862,0.002
"supports",1,0.000557413600891862,0.002
"supposed",2,0.00111482720178372,0.004
"sure",1,0.000557413600891862,0.002
"surprised",1,0.000557413600891862,0.002
"switch",1,0.000557413600891862,0.002
"system",3,0.00167224080267559,0.006
"take",3,0.00167224080267559,0.006
"taken",1,0.000557413600891862,0.002
"takes",1,0.000557413600891862,0.002
"talented",1,0.000557413600891862,0.002
"tatum",1,0.000557413600891862,0.002
"teledyncom",1,0.000557413600891862,0.002
"telegraph",2,0.00111482720178372,0.004
"tell",2,0.00111482720178372,0.004
"tempted",1,0.000557413600891862,0.002
"terms",1,0.000557413600891862,0.002
"textplain",1,0.000557413600891862,0.002
"thank",1,0.000557413600891862,0.002
"thanks",3,0.00167224080267559,0.006
"that",2,0.00111482720178372,0.004
"the",1,0.000557413600891862,0.002
"theft",1,0.000557413600891862,0.002
"theres",1,0.000557413600891862,0.002
"thing",1,0.000557413600891862,0.002
"think",10,0.00557413600891862,0.02
"this",5,0.00278706800445931,0.01
"thought",2,0.00111482720178372,0.004
"thoughts",1,0.000557413600891862,0.002
"thousands",1,0.000557413600891862,0.002
"threatens",1,0.000557413600891862,0.002
"thu",14,0.00780379041248606,0.028
"thusly",1,0.000557413600891862,0.002
"thx",1,0.000557413600891862,0.002
"time",8,0.00445930880713489,0.016
"times",4,0.00222965440356745,0.008
"today",2,0.00111482720178372,0.004
"todays",1,0.000557413600891862,0.002
"tom",6,0.00334448160535117,0.012
"tomorrow",1,0.000557413600891862,0.002
"tony",1,0.000557413600891862,0.002
"too",1,0.000557413600891862,0.002
"total",1,0.000557413600891862,0.002
"touch",1,0.000557413600891862,0.002
"traction",2,0.00111482720178372,0.004
"trade",1,0.000557413600891862,0.002
"trick",1,0.000557413600891862,0.002
"tried",1,0.000557413600891862,0.002
"trip",1,0.000557413600891862,0.002
"trouble",1,0.000557413600891862,0.002
"troy",2,0.00111482720178372,0.004
"true",1,0.000557413600891862,0.002
"truth",1,0.000557413600891862,0.002
"try",1,0.000557413600891862,0.002
"trying",4,0.00222965440356745,0.008
"tue",19,0.0105908584169454,0.038
"turns",1,0.000557413600891862,0.002
"turpin",10,0.00557413600891862,0.02
"twice",1,0.000557413600891862,0.002
"two",1,0.000557413600891862,0.002
"twomey",1,0.000557413600891862,0.002
"type",2,0.00111482720178372,0.004
"ultimately",1,0.000557413600891862,0.002
"unable",1,0.000557413600891862,0.002
"unbiased",1,0.000557413600891862,0.002
"understand",1,0.000557413600891862,0.002
"underwater",1,0.000557413600891862,0.002
"unix",1,0.000557413600891862,0.002
"unless",1,0.000557413600891862,0.002
"unwritten",2,0.00111482720178372,0.004
"update",1,0.000557413600891862,0.002
"upgrade",2,0.00111482720178372,0.004
"upon",3,0.00167224080267559,0.006
"url",14,0.00780379041248606,0.028
"urled",1,0.000557413600891862,0.002
"urls",1,0.000557413600891862,0.002
"usb",1,0.000557413600891862,0.002
"use",6,0.00334448160535117,0.012
"used",2,0.00111482720178372,0.004
"users",1,0.000557413600891862,0.002
"using",2,0.00111482720178372,0.004
"utterly",1,0.000557413600891862,0.002
"vanilla",1,0.000557413600891862,0.002
"vernon",1,0.000557413600891862,0.002
"via",3,0.00167224080267559,0.006
"vincent",1,0.000557413600891862,0.002
"violence",1,0.000557413600891862,0.002
"virus",1,0.000557413600891862,0.002
"voices",1,0.000557413600891862,0.002
"vote",1,0.000557413600891862,0.002
"vpn",1,0.000557413600891862,0.002
"wacky",1,0.000557413600891862,0.002
"wafer",1,0.000557413600891862,0.002
"waider",1,0.000557413600891862,0.002
"waiderwaiderie",1,0.000557413600891862,0.002
"wait",1,0.000557413600891862,0.002
"want",1,0.000557413600891862,0.002
"way",5,0.00278706800445931,0.01
"wcarriers",2,0.00111482720178372,0.004
"wear",1,0.000557413600891862,0.002
"web",1,0.000557413600891862,0.002
"weblog",1,0.000557413600891862,0.002
"webmaileircomnet",1,0.000557413600891862,0.002
"webmaster",1,0.000557413600891862,0.002
"webmasterb",1,0.000557413600891862,0.002
"website",1,0.000557413600891862,0.002
"wed",6,0.00334448160535117,0.012
"wednesday",1,0.000557413600891862,0.002
"weird",1,0.000557413600891862,0.002
"wekk",1,0.000557413600891862,0.002
"well",2,0.00111482720178372,0.004
"whether",1,0.000557413600891862,0.002
"white",2,0.00111482720178372,0.004
"whitehead",8,0.00445930880713489,0.016
"whore",1,0.000557413600891862,0.002
"will",5,0.00278706800445931,0.01
"williams",1,0.000557413600891862,0.002
"window",1,0.000557413600891862,0.002
"winers",1,0.000557413600891862,0.002
"winmodem",1,0.000557413600891862,0.002
"wisdom",3,0.00167224080267559,0.006
"wish",1,0.000557413600891862,0.002
"without",1,0.000557413600891862,0.002
"withput",1,0.000557413600891862,0.002
"woken",1,0.000557413600891862,0.002
"women",1,0.000557413600891862,0.002
"wondering",1,0.000557413600891862,0.002
"woodburn",1,0.000557413600891862,0.002
"wording",1,0.000557413600891862,0.002
"work",3,0.00167224080267559,0.006
"world",1,0.000557413600891862,0.002
"write",2,0.00111482720178372,0.004
"writes",20,0.0111482720178372,0.04
"wrote",126,0.0702341137123746,0.252
"wroteand",1,0.000557413600891862,0.002
"wwwbbccouk",1,0.000557413600891862,0.002
"wwwscriptingcom",1,0.000557413600891862,0.002
"wwwsmoothwallorg",1,0.000557413600891862,0.002
"xbox",1,0.000557413600891862,0.002
"xine",1,0.000557413600891862,0.002
"yall",1,0.000557413600891862,0.002
"yea",1,0.000557413600891862,0.002
"yes",4,0.00222965440356745,0.008
"yesterday",1,0.000557413600891862,0.002
"yet",2,0.00111482720178372,0.004
"yorks",1,0.000557413600891862,0.002
"you",1,0.000557413600891862,0.002
"young",1,0.000557413600891862,0.002
"zip",1,0.000557413600891862,0.002
"zzzzspamassassintaintorg",1,0.000557413600891862,0.002
